"","lipid_class","carbons_1","carbons_2","carbons_sum","unsat_1","unsat_2","unsat_sum"
"CE 12:0","CE",12,0,12,0,0,0
"CE 14:0","CE",14,0,14,0,0,0
"CE 14:1","CE",14,0,14,1,0,1
"CE 15:0","CE",15,0,15,0,0,0
"CE 16:0","CE",16,0,16,0,0,0
"CE 16:1","CE",16,0,16,1,0,1
"CE 17:0","CE",17,0,17,0,0,0
"CE 18:0","CE",18,0,18,0,0,0
"CE 18:1","CE",18,0,18,1,0,1
"CE 18:2","CE",18,0,18,2,0,2
"CE 18:3","CE",18,0,18,3,0,3
"CE 18:4","CE",18,0,18,4,0,4
"CE 20:0","CE",20,0,20,0,0,0
"CE 20:1","CE",20,0,20,1,0,1
"CE 20:2","CE",20,0,20,2,0,2
"CE 20:3","CE",20,0,20,3,0,3
"CE 20:4","CE",20,0,20,4,0,4
"CE 20:5","CE",20,0,20,5,0,5
"CE 22:0","CE",22,0,22,0,0,0
"CE 22:1","CE",22,0,22,1,0,1
"CE 22:2","CE",22,0,22,2,0,2
"CE 22:4","CE",22,0,22,4,0,4
"CE 22:5","CE",22,0,22,5,0,5
"CE 22:6","CE",22,0,22,6,0,6
"CE 24:0","CE",24,0,24,0,0,0
"CE 24:1","CE",24,0,24,1,0,1
"Cer d18:0/16:0","Cer",18,16,34,0,0,0
"Cer d18:0/22:0","Cer",18,22,40,0,0,0
"Cer d18:0/24:0","Cer",18,24,42,0,0,0
"Cer d18:0/24:1","Cer",18,24,42,0,1,1
"Cer d18:0/26:1","Cer",18,26,44,0,1,1
"Cer d18:1/14:0","Cer",18,14,32,1,0,1
"Cer d18:1/16:0","Cer",18,16,34,1,0,1
"Cer d18:1/18:0","Cer",18,18,36,1,0,1
"Cer d18:1/18:1","Cer",18,18,36,1,1,2
"Cer d18:1/20:0","Cer",18,20,38,1,0,1
"Cer d18:1/22:0","Cer",18,22,40,1,0,1
"Cer d18:1/22:1","Cer",18,22,40,1,1,2
"Cer d18:1/24:0","Cer",18,24,42,1,0,1
"Cer d18:1/24:1","Cer",18,24,42,1,1,2
"Cer d18:1/26:0","Cer",18,26,44,1,0,1
"Cer d18:1/26:1","Cer",18,26,44,1,1,2
"DG 12:0_16:0","DG",12,16,28,0,0,0
"DG 12:0_18:1","DG",12,18,30,0,1,1
"DG 14:0_14:0","DG",14,14,28,0,0,0
"DG 14:0_16:0","DG",14,16,30,0,0,0
"DG 14:0_16:1","DG",14,16,30,0,1,1
"DG 14:0_18:1","DG",14,18,32,0,1,1
"DG 14:0_18:2","DG",14,18,32,0,2,2
"DG 14:1_16:0","DG",14,16,30,1,0,1
"DG 14:1_18:1","DG",14,18,32,1,1,2
"DG 15:0_18:1","DG",15,18,33,0,1,1
"DG 16:0_16:0","DG",16,16,32,0,0,0
"DG 16:0_16:1","DG",16,16,32,0,1,1
"DG 16:0_18:0","DG",16,18,34,0,0,0
"DG 16:0_18:1","DG",16,18,34,0,1,1
"DG 16:0_18:2","DG",16,18,34,0,2,2
"DG 16:0_18:3","DG",16,18,34,0,3,3
"DG 16:0_20:3","DG",16,20,36,0,3,3
"DG 16:0_20:4","DG",16,20,36,0,4,4
"DG 16:0_20:5","DG",16,20,36,0,5,5
"DG 16:0_22:5","DG",16,22,38,0,5,5
"DG 16:0_22:6","DG",16,22,38,0,6,6
"DG 16:1_16:1","DG",16,16,32,1,1,2
"DG 16:1_18:0","DG",16,18,34,1,0,1
"DG 16:1_18:1","DG",16,18,34,1,1,2
"DG 16:1_18:2","DG",16,18,34,1,2,3
"DG 16:1_20:2","DG",16,20,36,1,2,3
"DG 16:1_20:4","DG",16,20,36,1,4,5
"DG 16:1_22:6","DG",16,22,38,1,6,7
"DG 18:0_18:1","DG",18,18,36,0,1,1
"DG 18:0_18:2","DG",18,18,36,0,2,2
"DG 18:0_22:6","DG",18,22,40,0,6,6
"DG 18:1_18:1","DG",18,18,36,1,1,2
"DG 18:1_18:2","DG",18,18,36,1,2,3
"DG 18:1_20:1","DG",18,20,38,1,1,2
"DG 18:1_20:2","DG",18,20,38,1,2,3
"DG 18:1_20:3","DG",18,20,38,1,3,4
"DG 18:1_20:4","DG",18,20,38,1,4,5
"DG 18:1_22:4","DG",18,22,40,1,4,5
"DG 18:1_22:5","DG",18,22,40,1,5,6
"DG 18:1_22:6","DG",18,22,40,1,6,7
"DG 20:0_20:0","DG",20,20,40,0,0,0
"FA 12:0","FA",12,0,12,0,0,0
"FA 14:0","FA",14,0,14,0,0,0
"FA 14:1","FA",14,0,14,1,0,1
"FA 16:0","FA",16,0,16,0,0,0
"FA 16:1","FA",16,0,16,1,0,1
"FA 18:0","FA",18,0,18,0,0,0
"FA 18:1","FA",18,0,18,1,0,1
"FA 18:2","FA",18,0,18,2,0,2
"FA 18:3","FA",18,0,18,3,0,3
"FA 18:4","FA",18,0,18,4,0,4
"FA 20:0","FA",20,0,20,0,0,0
"FA 20:1","FA",20,0,20,1,0,1
"FA 20:2","FA",20,0,20,2,0,2
"FA 20:3","FA",20,0,20,3,0,3
"FA 20:4","FA",20,0,20,4,0,4
"FA 22:0","FA",22,0,22,0,0,0
"FA 22:1","FA",22,0,22,1,0,1
"FA 22:2","FA",22,0,22,2,0,2
"FA 22:4","FA",22,0,22,4,0,4
"FA 22:5","FA",22,0,22,5,0,5
"FA 22:6","FA",22,0,22,6,0,6
"FA 24:0","FA",24,0,24,0,0,0
"FA 24:1","FA",24,0,24,1,0,1
"HexCER d18:1/14:0","HexCER",18,14,32,1,0,1
"HexCER d18:1/16:0","HexCER",18,16,34,1,0,1
"HexCER d18:1/18:0","HexCER",18,18,36,1,0,1
"HexCER d18:1/20:0","HexCER",18,20,38,1,0,1
"HexCER d18:1/22:0","HexCER",18,22,40,1,0,1
"HexCER d18:1/22:1","HexCER",18,22,40,1,1,2
"HexCER d18:1/24:0","HexCER",18,24,42,1,0,1
"HexCER d18:1/24:1","HexCER",18,24,42,1,1,2
"HexCER d18:1/26:0","HexCER",18,26,44,1,0,1
"HexCER d18:1/26:1","HexCER",18,26,44,1,1,2
"LacCER d18:1/16:0","LacCER",18,16,34,1,0,1
"LacCER d18:1/18:0","LacCER",18,18,36,1,0,1
"LacCER d18:1/22:0","LacCER",18,22,40,1,0,1
"LacCER d18:1/24:0","LacCER",18,24,42,1,0,1
"LacCER d18:1/24:1","LacCER",18,24,42,1,1,2
"LPC 16:0","LPC",16,0,16,0,0,0
"LPC 18:0","LPC",18,0,18,0,0,0
"LPC 18:1","LPC",18,0,18,1,0,1
"LPE 16:0","LPE",16,0,16,0,0,0
"LPE 18:0","LPE",18,0,18,0,0,0
"LPE 18:1","LPE",18,0,18,1,0,1
"PA 30:0","PA",30,0,30,0,0,0
"PA 32:0","PA",32,0,32,0,0,0
"PA 32:1","PA",32,0,32,1,0,1
"PA 32:2","PA",32,0,32,2,0,2
"PA 34:0","PA",34,0,34,0,0,0
"PA 34:1","PA",34,0,34,1,0,1
"PA 34:2","PA",34,0,34,2,0,2
"PA 34:3","PA",34,0,34,3,0,3
"PA 36:0","PA",36,0,36,0,0,0
"PA 36:1","PA",36,0,36,1,0,1
"PA 36:2","PA",36,0,36,2,0,2
"PA 36:3","PA",36,0,36,3,0,3
"PA 38:1","PA",38,0,38,1,0,1
"PA 38:2","PA",38,0,38,2,0,2
"PA 38:3","PA",38,0,38,3,0,3
"PA 38:4","PA",38,0,38,4,0,4
"PA 38:5","PA",38,0,38,5,0,5
"PC 14:0_14:0","PC",14,14,28,0,0,0
"PC 14:0_16:0","PC",14,16,30,0,0,0
"PC 14:0_16:1","PC",14,16,30,0,1,1
"PC 14:0_18:0","PC",14,18,32,0,0,0
"PC 14:0_18:1","PC",14,18,32,0,1,1
"PC 15:0_18:1","PC",15,18,33,0,1,1
"PC 16:0_16:0","PC",16,16,32,0,0,0
"PC 16:0_16:1","PC",16,16,32,0,1,1
"PC 16:0_18:0","PC",16,18,34,0,0,0
"PC 16:0_18:1","PC",16,18,34,0,1,1
"PC 16:0_18:2","PC",16,18,34,0,2,2
"PC 16:0_20:1","PC",16,20,36,0,1,1
"PC 16:0_20:2","PC",16,20,36,0,2,2
"PC 16:0_20:3","PC",16,20,36,0,3,3
"PC 16:0_20:4","PC",16,20,36,0,4,4
"PC 16:0_22:5","PC",16,22,38,0,5,5
"PC 16:1_18:0","PC",16,18,34,1,0,1
"PC 16:1_18:1","PC",16,18,34,1,1,2
"PC 16:1_18:2","PC",16,18,34,1,2,3
"PC 17:0_18:1","PC",17,18,35,0,1,1
"PC 18:0_18:0","PC",18,18,36,0,0,0
"PC 18:0_18:1","PC",18,18,36,0,1,1
"PC 18:0_18:2","PC",18,18,36,0,2,2
"PC 18:0_20:3","PC",18,20,38,0,3,3
"PC 18:0_20:4","PC",18,20,38,0,4,4
"PC 18:1_18:1","PC",18,18,36,1,1,2
"PC 18:1_18:2","PC",18,18,36,1,2,3
"PC 18:1_20:2","PC",18,20,38,1,2,3
"PC 18:1_20:3","PC",18,20,38,1,3,4
"PC 18:1_20:4","PC",18,20,38,1,4,5
"PE 14:0_18:1","PE",14,18,32,0,1,1
"PE 16:0_16:0","PE",16,16,32,0,0,0
"PE 16:0_16:1","PE",16,16,32,0,1,1
"PE 16:0_18:0","PE",16,18,34,0,0,0
"PE 16:0_18:1","PE",16,18,34,0,1,1
"PE 16:0_18:2","PE",16,18,34,0,2,2
"PE 16:0_20:4","PE",16,20,36,0,4,4
"PE 16:0_22:4","PE",16,22,38,0,4,4
"PE 16:1_18:0","PE",16,18,34,1,0,1
"PE 16:1_18:1","PE",16,18,34,1,1,2
"PE 16:1_18:2","PE",16,18,34,1,2,3
"PE 18:0_18:0","PE",18,18,36,0,0,0
"PE 18:0_18:1","PE",18,18,36,0,1,1
"PE 18:0_18:2","PE",18,18,36,0,2,2
"PE 18:0_20:2","PE",18,20,38,0,2,2
"PE 18:0_20:4","PE",18,20,38,0,4,4
"PE 18:0_22:4","PE",18,22,40,0,4,4
"PE 18:1_18:1","PE",18,18,36,1,1,2
"PE 18:1_18:2","PE",18,18,36,1,2,3
"PE 18:1_20:1","PE",18,20,38,1,1,2
"PE 18:1_20:2","PE",18,20,38,1,2,3
"PE 18:1_20:4","PE",18,20,38,1,4,5
"PE 18:1_22:0","PE",18,22,40,1,0,1
"PE 18:1_22:4","PE",18,22,40,1,4,5
"PE 18:2_20:4","PE",18,20,38,2,4,6
"PE O-16:0/16:0","PE",16,16,32,0,0,0
"PE O-16:0/18:1","PE",16,18,34,0,1,1
"PE O-16:0/20:1","PE",16,20,36,0,1,1
"PE O-16:0/20:4","PE",16,20,36,0,4,4
"PE O-16:0/22:4","PE",16,22,38,0,4,4
"PE O-18:0/16:0","PE",18,16,34,0,0,0
"PE O-18:0/16:1","PE",18,16,34,0,1,1
"PE O-18:0/18:1","PE",18,18,36,0,1,1
"PE O-18:0/20:4","PE",18,20,38,0,4,4
"PE P-16:0/16:0","PE",16,16,32,0,0,0
"PE P-16:0/16:1","PE",16,16,32,0,1,1
"PE P-16:0/18:0","PE",16,18,34,0,0,0
"PE P-16:0/18:1","PE",16,18,34,0,1,1
"PE P-16:0/18:2","PE",16,18,34,0,2,2
"PE P-16:0/20:1","PE",16,20,36,0,1,1
"PE P-16:0/20:2","PE",16,20,36,0,2,2
"PE P-16:0/20:4","PE",16,20,36,0,4,4
"PE P-16:0/22:2","PE",16,22,38,0,2,2
"PE P-16:0/22:4","PE",16,22,38,0,4,4
"PE P-18:0/16:0","PE",18,16,34,0,0,0
"PE P-18:0/16:1","PE",18,16,34,0,1,1
"PE P-18:0/18:1","PE",18,18,36,0,1,1
"PE P-18:0/18:2","PE",18,18,36,0,2,2
"PE P-18:0/20:1","PE",18,20,38,0,1,1
"PE P-18:0/20:2","PE",18,20,38,0,2,2
"PE P-18:0/20:4","PE",18,20,38,0,4,4
"PE P-18:0/22:4","PE",18,22,40,0,4,4
"PE P-18:1/16:0","PE",18,16,34,1,0,1
"PE P-18:1/16:1","PE",18,16,34,1,1,2
"PE P-18:1/18:1","PE",18,18,36,1,1,2
"PE P-18:1/18:2","PE",18,18,36,1,2,3
"PE P-18:1/20:1","PE",18,20,38,1,1,2
"PE P-18:1/20:2","PE",18,20,38,1,2,3
"PE P-18:1/20:4","PE",18,20,38,1,4,5
"PE P-18:1/22:4","PE",18,22,40,1,4,5
"PG 16:0_16:0","PG",16,16,32,0,0,0
"PG 16:0_18:1","PG",16,18,34,0,1,1
"PG 16:1_18:1","PG",16,18,34,1,1,2
"PG 18:0_18:1","PG",18,18,36,0,1,1
"PG 18:1_18:1","PG",18,18,36,1,1,2
"PI 16:0_16:0","PI",16,16,32,0,0,0
"PI 16:0_18:0","PI",16,18,34,0,0,0
"PI 16:0_18:1","PI",16,18,34,0,1,1
"PI 16:0_18:2","PI",16,18,34,0,2,2
"PI 16:0_20:2","PI",16,20,36,0,2,2
"PI 16:0_20:3","PI",16,20,36,0,3,3
"PI 16:0_20:4","PI",16,20,36,0,4,4
"PI 16:1_18:0","PI",16,18,34,1,0,1
"PI 16:1_18:1","PI",16,18,34,1,1,2
"PI 18:0_18:0","PI",18,18,36,0,0,0
"PI 18:0_18:1","PI",18,18,36,0,1,1
"PI 18:0_18:2","PI",18,18,36,0,2,2
"PI 18:0_18:3","PI",18,18,36,0,3,3
"PI 18:0_20:1","PI",18,20,38,0,1,1
"PI 18:0_20:2","PI",18,20,38,0,2,2
"PI 18:0_20:3","PI",18,20,38,0,3,3
"PI 18:0_20:4","PI",18,20,38,0,4,4
"PI 18:0_22:4","PI",18,22,40,0,4,4
"PI 18:0_22:5","PI",18,22,40,0,5,5
"PI 18:1_18:1","PI",18,18,36,1,1,2
"PI 18:1_18:2","PI",18,18,36,1,2,3
"PI 18:1_20:2","PI",18,20,38,1,2,3
"PI 18:1_20:3","PI",18,20,38,1,3,4
"PI 18:1_20:4","PI",18,20,38,1,4,5
"PS 16:0_16:0","PS",16,16,32,0,0,0
"PS 16:0_16:1","PS",16,16,32,0,1,1
"PS 16:0_18:0","PS",16,18,34,0,0,0
"PS 16:0_18:1","PS",16,18,34,0,1,1
"PS 16:1_18:0","PS",16,18,34,1,0,1
"PS 16:1_18:1","PS",16,18,34,1,1,2
"PS 17:0_18:1","PS",17,18,35,0,1,1
"PS 18:0_18:0","PS",18,18,36,0,0,0
"PS 18:0_18:1","PS",18,18,36,0,1,1
"PS 18:0_18:2","PS",18,18,36,0,2,2
"PS 18:0_20:1","PS",18,20,38,0,1,1
"PS 18:0_20:2","PS",18,20,38,0,2,2
"PS 18:0_20:3","PS",18,20,38,0,3,3
"PS 18:0_20:4","PS",18,20,38,0,4,4
"PS 18:0_22:4","PS",18,22,40,0,4,4
"PS 18:0_22:5","PS",18,22,40,0,5,5
"PS 18:0_22:6","PS",18,22,40,0,6,6
"PS 18:1_18:1","PS",18,18,36,1,1,2
"PS 18:1_18:2","PS",18,18,36,1,2,3
"PS 18:1_20:1","PS",18,20,38,1,1,2
"SM d18:1/14:0","SM",18,14,32,1,0,1
"SM d18:1/16:0","SM",18,16,34,1,0,1
"SM d18:1/18:0","SM",18,18,36,1,0,1
"SM d18:1/18:1","SM",18,18,36,1,1,2
"SM d18:1/20:0","SM",18,20,38,1,0,1
"SM d18:1/20:1","SM",18,20,38,1,1,2
"SM d18:1/22:0","SM",18,22,40,1,0,1
"SM d18:1/22:1","SM",18,22,40,1,1,2
"SM d18:1/24:0","SM",18,24,42,1,0,1
"SM d18:1/24:1","SM",18,24,42,1,1,2
"SM d18:1/26:0","SM",18,26,44,1,0,1
"SM d18:1/26:1","SM",18,26,44,1,1,2
"TG 44:0-FA12:0","TG",44,12,44,0,0,0
"TG 44:0-FA14:0","TG",44,14,44,0,0,0
"TG 44:0-FA16:0","TG",44,16,44,0,0,0
"TG 44:1-FA14:0","TG",44,14,44,1,0,1
"TG 44:1-FA16:0","TG",44,16,44,1,0,1
"TG 44:1-FA16:1","TG",44,16,44,1,1,1
"TG 44:1-FA18:1","TG",44,18,44,1,1,1
"TG 45:0-FA14:0","TG",45,14,45,0,0,0
"TG 45:0-FA15:0","TG",45,15,45,0,0,0
"TG 45:0-FA16:0","TG",45,16,45,0,0,0
"TG 45:1-FA16:0","TG",45,16,45,1,0,1
"TG 45:1-FA18:1","TG",45,18,45,1,1,1
"TG 46:0-FA14:0","TG",46,14,46,0,0,0
"TG 46:0-FA16:0","TG",46,16,46,0,0,0
"TG 46:0-FA18:0","TG",46,18,46,0,0,0
"TG 46:1-FA12:0","TG",46,12,46,1,0,1
"TG 46:1-FA14:0","TG",46,14,46,1,0,1
"TG 46:1-FA14:1","TG",46,14,46,1,1,1
"TG 46:1-FA16:0","TG",46,16,46,1,0,1
"TG 46:1-FA16:1","TG",46,16,46,1,1,1
"TG 46:1-FA18:1","TG",46,18,46,1,1,1
"TG 46:2-FA14:0","TG",46,14,46,2,0,2
"TG 46:2-FA14:1","TG",46,14,46,2,1,2
"TG 46:2-FA16:0","TG",46,16,46,2,0,2
"TG 46:2-FA16:1","TG",46,16,46,2,1,2
"TG 46:2-FA18:1","TG",46,18,46,2,1,2
"TG 46:3-FA16:1","TG",46,16,46,3,1,3
"TG 47:0-FA14:0","TG",47,14,47,0,0,0
"TG 47:0-FA15:0","TG",47,15,47,0,0,0
"TG 47:0-FA16:0","TG",47,16,47,0,0,0
"TG 47:0-FA17:0","TG",47,17,47,0,0,0
"TG 47:1-FA14:0","TG",47,14,47,1,0,1
"TG 47:1-FA15:0","TG",47,15,47,1,0,1
"TG 47:1-FA16:0","TG",47,16,47,1,0,1
"TG 47:1-FA16:1","TG",47,16,47,1,1,1
"TG 47:1-FA18:1","TG",47,18,47,1,1,1
"TG 47:2-FA14:0","TG",47,14,47,2,0,2
"TG 47:2-FA15:0","TG",47,15,47,2,0,2
"TG 47:2-FA16:1","TG",47,16,47,2,1,2
"TG 47:2-FA18:1","TG",47,18,47,2,1,2
"TG 48:0-FA14:0","TG",48,14,48,0,0,0
"TG 48:0-FA16:0","TG",48,16,48,0,0,0
"TG 48:0-FA18:0","TG",48,18,48,0,0,0
"TG 48:1-FA14:0","TG",48,14,48,1,0,1
"TG 48:1-FA14:1","TG",48,14,48,1,1,1
"TG 48:1-FA16:0","TG",48,16,48,1,0,1
"TG 48:1-FA16:1","TG",48,16,48,1,1,1
"TG 48:1-FA18:0","TG",48,18,48,1,0,1
"TG 48:1-FA18:1","TG",48,18,48,1,1,1
"TG 48:2-FA12:0","TG",48,12,48,2,0,2
"TG 48:2-FA14:0","TG",48,14,48,2,0,2
"TG 48:2-FA14:1","TG",48,14,48,2,1,2
"TG 48:2-FA16:0","TG",48,16,48,2,0,2
"TG 48:2-FA16:1","TG",48,16,48,2,1,2
"TG 48:2-FA18:1","TG",48,18,48,2,1,2
"TG 48:2-FA18:2","TG",48,18,48,2,2,2
"TG 48:3-FA14:0","TG",48,14,48,3,0,3
"TG 48:3-FA14:1","TG",48,14,48,3,1,3
"TG 48:3-FA16:0","TG",48,16,48,3,0,3
"TG 48:3-FA16:1","TG",48,16,48,3,1,3
"TG 48:3-FA18:1","TG",48,18,48,3,1,3
"TG 48:3-FA18:2","TG",48,18,48,3,2,3
"TG 49:0-FA15:0","TG",49,15,49,0,0,0
"TG 49:0-FA16:0","TG",49,16,49,0,0,0
"TG 49:0-FA17:0","TG",49,17,49,0,0,0
"TG 49:0-FA18:0","TG",49,18,49,0,0,0
"TG 49:1-FA14:0","TG",49,14,49,1,0,1
"TG 49:1-FA15:0","TG",49,15,49,1,0,1
"TG 49:1-FA16:0","TG",49,16,49,1,0,1
"TG 49:1-FA16:1","TG",49,16,49,1,1,1
"TG 49:1-FA17:0","TG",49,17,49,1,0,1
"TG 49:1-FA18:1","TG",49,18,49,1,1,1
"TG 49:2-FA14:0","TG",49,14,49,2,0,2
"TG 49:2-FA15:0","TG",49,15,49,2,0,2
"TG 49:2-FA16:0","TG",49,16,49,2,0,2
"TG 49:2-FA16:1","TG",49,16,49,2,1,2
"TG 49:2-FA17:0","TG",49,17,49,2,0,2
"TG 49:2-FA18:1","TG",49,18,49,2,1,2
"TG 49:2-FA18:2","TG",49,18,49,2,2,2
"TG 49:3-FA16:0","TG",49,16,49,3,0,3
"TG 49:3-FA16:1","TG",49,16,49,3,1,3
"TG 49:3-FA18:2","TG",49,18,49,3,2,3
"TG 50:0-FA14:0","TG",50,14,50,0,0,0
"TG 50:0-FA16:0","TG",50,16,50,0,0,0
"TG 50:0-FA18:0","TG",50,18,50,0,0,0
"TG 50:1-FA14:0","TG",50,14,50,1,0,1
"TG 50:1-FA16:0","TG",50,16,50,1,0,1
"TG 50:1-FA16:1","TG",50,16,50,1,1,1
"TG 50:1-FA18:0","TG",50,18,50,1,0,1
"TG 50:1-FA18:1","TG",50,18,50,1,1,1
"TG 50:1-FA20:1","TG",50,20,50,1,1,1
"TG 50:2-FA14:0","TG",50,14,50,2,0,2
"TG 50:2-FA14:1","TG",50,14,50,2,1,2
"TG 50:2-FA16:0","TG",50,16,50,2,0,2
"TG 50:2-FA16:1","TG",50,16,50,2,1,2
"TG 50:2-FA18:0","TG",50,18,50,2,0,2
"TG 50:2-FA18:1","TG",50,18,50,2,1,2
"TG 50:2-FA18:2","TG",50,18,50,2,2,2
"TG 50:2-FA20:2","TG",50,20,50,2,2,2
"TG 50:3-FA14:0","TG",50,14,50,3,0,3
"TG 50:3-FA14:1","TG",50,14,50,3,1,3
"TG 50:3-FA16:0","TG",50,16,50,3,0,3
"TG 50:3-FA16:1","TG",50,16,50,3,1,3
"TG 50:3-FA18:1","TG",50,18,50,3,1,3
"TG 50:3-FA18:2","TG",50,18,50,3,2,3
"TG 50:3-FA18:3","TG",50,18,50,3,3,3
"TG 50:3-FA20:3","TG",50,20,50,3,3,3
"TG 50:4-FA16:1","TG",50,16,50,4,1,4
"TG 50:4-FA18:1","TG",50,18,50,4,1,4
"TG 50:4-FA18:2","TG",50,18,50,4,2,4
"TG 51:0-FA16:0","TG",51,16,51,0,0,0
"TG 51:0-FA17:0","TG",51,17,51,0,0,0
"TG 51:0-FA18:0","TG",51,18,51,0,0,0
"TG 51:1-FA15:0","TG",51,15,51,1,0,1
"TG 51:1-FA16:0","TG",51,16,51,1,0,1
"TG 51:1-FA17:0","TG",51,17,51,1,0,1
"TG 51:1-FA18:0","TG",51,18,51,1,0,1
"TG 51:1-FA18:1","TG",51,18,51,1,1,1
"TG 51:2-FA15:0","TG",51,15,51,2,0,2
"TG 51:2-FA16:0","TG",51,16,51,2,0,2
"TG 51:2-FA16:1","TG",51,16,51,2,1,2
"TG 51:2-FA17:0","TG",51,17,51,2,0,2
"TG 51:2-FA18:1","TG",51,18,51,2,1,2
"TG 51:2-FA18:2","TG",51,18,51,2,2,2
"TG 51:3-FA15:0","TG",51,15,51,3,0,3
"TG 51:3-FA16:1","TG",51,16,51,3,1,3
"TG 51:3-FA18:2","TG",51,18,51,3,2,3
"TG 51:4-FA15:0","TG",51,15,51,4,0,4
"TG 51:4-FA16:1","TG",51,16,51,4,1,4
"TG 51:4-FA18:2","TG",51,18,51,4,2,4
"TG 51:4-FA20:4","TG",51,20,51,4,4,4
"TG 52:0-FA16:0","TG",52,16,52,0,0,0
"TG 52:0-FA18:0","TG",52,18,52,0,0,0
"TG 52:0-FA20:0","TG",52,20,52,0,0,0
"TG 52:1-FA16:0","TG",52,16,52,1,0,1
"TG 52:1-FA16:1","TG",52,16,52,1,1,1
"TG 52:1-FA18:0","TG",52,18,52,1,0,1
"TG 52:1-FA18:1","TG",52,18,52,1,1,1
"TG 52:1-FA20:0","TG",52,20,52,1,0,1
"TG 52:1-FA20:1","TG",52,20,52,1,1,1
"TG 52:2-FA14:0","TG",52,14,52,2,0,2
"TG 52:2-FA16:0","TG",52,16,52,2,0,2
"TG 52:2-FA16:1","TG",52,16,52,2,1,2
"TG 52:2-FA18:0","TG",52,18,52,2,0,2
"TG 52:2-FA18:1","TG",52,18,52,2,1,2
"TG 52:2-FA18:2","TG",52,18,52,2,2,2
"TG 52:2-FA20:1","TG",52,20,52,2,1,2
"TG 52:2-FA20:2","TG",52,20,52,2,2,2
"TG 52:3-FA14:0","TG",52,14,52,3,0,3
"TG 52:3-FA16:0","TG",52,16,52,3,0,3
"TG 52:3-FA16:1","TG",52,16,52,3,1,3
"TG 52:3-FA18:0","TG",52,18,52,3,0,3
"TG 52:3-FA18:1","TG",52,18,52,3,1,3
"TG 52:3-FA18:2","TG",52,18,52,3,2,3
"TG 52:3-FA20:2","TG",52,20,52,3,2,3
"TG 52:3-FA20:3","TG",52,20,52,3,3,3
"TG 52:4-FA14:0","TG",52,14,52,4,0,4
"TG 52:4-FA16:0","TG",52,16,52,4,0,4
"TG 52:4-FA16:1","TG",52,16,52,4,1,4
"TG 52:4-FA18:1","TG",52,18,52,4,1,4
"TG 52:4-FA18:2","TG",52,18,52,4,2,4
"TG 52:4-FA18:3","TG",52,18,52,4,3,4
"TG 52:4-FA20:2","TG",52,20,52,4,2,4
"TG 52:4-FA20:3","TG",52,20,52,4,3,4
"TG 52:4-FA20:4","TG",52,20,52,4,4,4
"TG 52:4-FA22:4","TG",52,22,52,4,4,4
"TG 52:5-FA16:0","TG",52,16,52,5,0,5
"TG 52:5-FA16:1","TG",52,16,52,5,1,5
"TG 52:5-FA18:1","TG",52,18,52,5,1,5
"TG 52:5-FA18:2","TG",52,18,52,5,2,5
"TG 52:5-FA20:3","TG",52,20,52,5,3,5
"TG 52:5-FA20:4","TG",52,20,52,5,4,5
"TG 52:5-FA22:5","TG",52,22,52,5,5,5
"TG 52:6-FA16:0","TG",52,16,52,6,0,6
"TG 52:6-FA22:6","TG",52,22,52,6,6,6
"TG 52:7-FA16:0","TG",52,16,52,7,0,7
"TG 52:7-FA18:1","TG",52,18,52,7,1,7
"TG 52:8-FA16:1","TG",52,16,52,8,1,8
"TG 53:0-FA16:0","TG",53,16,53,0,0,0
"TG 53:1-FA16:0","TG",53,16,53,1,0,1
"TG 53:1-FA17:0","TG",53,17,53,1,0,1
"TG 53:1-FA18:0","TG",53,18,53,1,0,1
"TG 53:1-FA18:1","TG",53,18,53,1,1,1
"TG 53:2-FA16:0","TG",53,16,53,2,0,2
"TG 53:2-FA17:0","TG",53,17,53,2,0,2
"TG 53:2-FA18:1","TG",53,18,53,2,1,2
"TG 53:2-FA18:2","TG",53,18,53,2,2,2
"TG 53:3-FA16:0","TG",53,16,53,3,0,3
"TG 53:3-FA17:0","TG",53,17,53,3,0,3
"TG 53:3-FA18:2","TG",53,18,53,3,2,3
"TG 53:4-FA16:0","TG",53,16,53,4,0,4
"TG 53:4-FA20:4","TG",53,20,53,4,4,4
"TG 53:5-FA20:4","TG",53,20,53,5,4,5
"TG 53:6-FA20:4","TG",53,20,53,6,4,6
"TG 54:0-FA16:0","TG",54,16,54,0,0,0
"TG 54:0-FA18:0","TG",54,18,54,0,0,0
"TG 54:1-FA16:0","TG",54,16,54,1,0,1
"TG 54:1-FA18:0","TG",54,18,54,1,0,1
"TG 54:1-FA18:1","TG",54,18,54,1,1,1
"TG 54:1-FA20:0","TG",54,20,54,1,0,1
"TG 54:1-FA20:1","TG",54,20,54,1,1,1
"TG 54:2-FA16:0","TG",54,16,54,2,0,2
"TG 54:2-FA18:0","TG",54,18,54,2,0,2
"TG 54:2-FA18:1","TG",54,18,54,2,1,2
"TG 54:2-FA18:2","TG",54,18,54,2,2,2
"TG 54:2-FA20:0","TG",54,20,54,2,0,2
"TG 54:2-FA20:1","TG",54,20,54,2,1,2
"TG 54:2-FA20:2","TG",54,20,54,2,2,2
"TG 54:3-FA16:0","TG",54,16,54,3,0,3
"TG 54:3-FA16:1","TG",54,16,54,3,1,3
"TG 54:3-FA18:0","TG",54,18,54,3,0,3
"TG 54:3-FA18:1","TG",54,18,54,3,1,3
"TG 54:3-FA18:2","TG",54,18,54,3,2,3
"TG 54:3-FA20:1","TG",54,20,54,3,1,3
"TG 54:3-FA20:2","TG",54,20,54,3,2,3
"TG 54:3-FA20:3","TG",54,20,54,3,3,3
"TG 54:4-FA16:0","TG",54,16,54,4,0,4
"TG 54:4-FA16:1","TG",54,16,54,4,1,4
"TG 54:4-FA18:0","TG",54,18,54,4,0,4
"TG 54:4-FA18:1","TG",54,18,54,4,1,4
"TG 54:4-FA18:2","TG",54,18,54,4,2,4
"TG 54:4-FA18:3","TG",54,18,54,4,3,4
"TG 54:4-FA20:2","TG",54,20,54,4,2,4
"TG 54:4-FA20:3","TG",54,20,54,4,3,4
"TG 54:4-FA20:4","TG",54,20,54,4,4,4
"TG 54:4-FA22:4","TG",54,22,54,4,4,4
"TG 54:5-FA16:0","TG",54,16,54,5,0,5
"TG 54:5-FA16:1","TG",54,16,54,5,1,5
"TG 54:5-FA18:1","TG",54,18,54,5,1,5
"TG 54:5-FA18:2","TG",54,18,54,5,2,5
"TG 54:5-FA18:3","TG",54,18,54,5,3,5
"TG 54:5-FA20:3","TG",54,20,54,5,3,5
"TG 54:5-FA20:4","TG",54,20,54,5,4,5
"TG 54:5-FA22:4","TG",54,22,54,5,4,5
"TG 54:5-FA22:5","TG",54,22,54,5,5,5
"TG 54:6-FA16:0","TG",54,16,54,6,0,6
"TG 54:6-FA16:1","TG",54,16,54,6,1,6
"TG 54:6-FA18:1","TG",54,18,54,6,1,6
"TG 54:6-FA20:4","TG",54,20,54,6,4,6
"TG 54:6-FA20:5","TG",54,20,54,6,5,6
"TG 54:6-FA22:5","TG",54,22,54,6,5,6
"TG 54:6-FA22:6","TG",54,22,54,6,6,6
"TG 54:7-FA16:1","TG",54,16,54,7,1,7
"TG 54:7-FA18:1","TG",54,18,54,7,1,7
"TG 54:7-FA22:6","TG",54,22,54,7,6,7
"TG 55:1-FA16:0","TG",55,16,55,1,0,1
"TG 55:1-FA18:1","TG",55,18,55,1,1,1
"TG 55:2-FA18:1","TG",55,18,55,2,1,2
"TG 55:3-FA18:1","TG",55,18,55,3,1,3
"TG 55:3-FA18:2","TG",55,18,55,3,2,3
"TG 55:4-FA18:1","TG",55,18,55,4,1,4
"TG 55:4-FA18:2","TG",55,18,55,4,2,4
"TG 55:5-FA18:1","TG",55,18,55,5,1,5
"TG 55:5-FA18:2","TG",55,18,55,5,2,5
"TG 55:5-FA20:4","TG",55,20,55,5,4,5
"TG 55:7-FA15:0","TG",55,15,55,7,0,7
"TG 55:7-FA22:6","TG",55,22,55,7,6,7
"TG 56:1-FA16:0","TG",56,16,56,1,0,1
"TG 56:1-FA18:1","TG",56,18,56,1,1,1
"TG 56:10-FA18:2","TG",56,18,56,10,2,10
"TG 56:2-FA16:0","TG",56,16,56,2,0,2
"TG 56:2-FA18:0","TG",56,18,56,2,0,2
"TG 56:2-FA20:0","TG",56,20,56,2,0,2
"TG 56:2-FA20:1","TG",56,20,56,2,1,2
"TG 56:3-FA16:0","TG",56,16,56,3,0,3
"TG 56:3-FA18:0","TG",56,18,56,3,0,3
"TG 56:3-FA18:1","TG",56,18,56,3,1,3
"TG 56:3-FA18:2","TG",56,18,56,3,2,3
"TG 56:3-FA20:1","TG",56,20,56,3,1,3
"TG 56:3-FA20:2","TG",56,20,56,3,2,3
"TG 56:4-FA16:0","TG",56,16,56,4,0,4
"TG 56:4-FA18:0","TG",56,18,56,4,0,4
"TG 56:4-FA18:1","TG",56,18,56,4,1,4
"TG 56:4-FA18:2","TG",56,18,56,4,2,4
"TG 56:4-FA20:1","TG",56,20,56,4,1,4
"TG 56:4-FA20:2","TG",56,20,56,4,2,4
"TG 56:4-FA20:3","TG",56,20,56,4,3,4
"TG 56:4-FA20:4","TG",56,20,56,4,4,4
"TG 56:4-FA22:4","TG",56,22,56,4,4,4
"TG 56:5-FA16:0","TG",56,16,56,5,0,5
"TG 56:5-FA18:0","TG",56,18,56,5,0,5
"TG 56:5-FA18:1","TG",56,18,56,5,1,5
"TG 56:5-FA18:2","TG",56,18,56,5,2,5
"TG 56:5-FA20:1","TG",56,20,56,5,1,5
"TG 56:5-FA20:2","TG",56,20,56,5,2,5
"TG 56:5-FA20:3","TG",56,20,56,5,3,5
"TG 56:5-FA20:4","TG",56,20,56,5,4,5
"TG 56:5-FA22:4","TG",56,22,56,5,4,5
"TG 56:5-FA22:5","TG",56,22,56,5,5,5
"TG 56:6-FA16:0","TG",56,16,56,6,0,6
"TG 56:6-FA18:0","TG",56,18,56,6,0,6
"TG 56:6-FA18:1","TG",56,18,56,6,1,6
"TG 56:6-FA18:2","TG",56,18,56,6,2,6
"TG 56:6-FA20:3","TG",56,20,56,6,3,6
"TG 56:6-FA20:4","TG",56,20,56,6,4,6
"TG 56:6-FA22:4","TG",56,22,56,6,4,6
"TG 56:6-FA22:5","TG",56,22,56,6,5,6
"TG 56:6-FA22:6","TG",56,22,56,6,6,6
"TG 56:7-FA16:0","TG",56,16,56,7,0,7
"TG 56:7-FA16:1","TG",56,16,56,7,1,7
"TG 56:7-FA18:0","TG",56,18,56,7,0,7
"TG 56:7-FA18:1","TG",56,18,56,7,1,7
"TG 56:7-FA18:2","TG",56,18,56,7,2,7
"TG 56:7-FA20:4","TG",56,20,56,7,4,7
"TG 56:7-FA22:5","TG",56,22,56,7,5,7
"TG 56:7-FA22:6","TG",56,22,56,7,6,7
"TG 56:8-FA16:0","TG",56,16,56,8,0,8
"TG 56:8-FA16:1","TG",56,16,56,8,1,8
"TG 56:8-FA18:1","TG",56,18,56,8,1,8
"TG 56:8-FA22:6","TG",56,22,56,8,6,8
"TG 57:2-FA18:1","TG",57,18,57,2,1,2
"TG 58:2-FA18:1","TG",58,18,58,2,1,2
"TG 58:3-FA18:1","TG",58,18,58,3,1,3
"TG 58:5-FA18:1","TG",58,18,58,5,1,5
"TG 58:6-FA16:0","TG",58,16,58,6,0,6
"TG 58:6-FA18:0","TG",58,18,58,6,0,6
"TG 58:6-FA18:1","TG",58,18,58,6,1,6
"TG 58:6-FA20:4","TG",58,20,58,6,4,6
"TG 58:6-FA22:4","TG",58,22,58,6,4,6
"TG 58:6-FA22:5","TG",58,22,58,6,5,6
"TG 58:7-FA16:0","TG",58,16,58,7,0,7
"TG 58:7-FA18:0","TG",58,18,58,7,0,7
"TG 58:7-FA18:1","TG",58,18,58,7,1,7
"TG 58:7-FA18:2","TG",58,18,58,7,2,7
"TG 58:7-FA20:4","TG",58,20,58,7,4,7
"TG 58:7-FA22:4","TG",58,22,58,7,4,7
"TG 58:7-FA22:5","TG",58,22,58,7,5,7
"TG 58:7-FA22:6","TG",58,22,58,7,6,7
"TG 58:8-FA18:1","TG",58,18,58,8,1,8
"TG 58:8-FA20:3","TG",58,20,58,8,3,8
"TG 58:8-FA20:4","TG",58,20,58,8,4,8
"TG 58:8-FA22:5","TG",58,22,58,8,5,8
"TG 58:8-FA22:6","TG",58,22,58,8,6,8
"TG 58:9-FA18:1","TG",58,18,58,9,1,9
"TG 58:9-FA22:5","TG",58,22,58,9,5,9
"TG 58:9-FA22:6","TG",58,22,58,9,6,9
"TG 60:10-FA22:6","TG",60,22,60,10,6,10
